City_ID,City,Lat,Lng,Max Temp,Humidity,Cloudiness,Wind Speed,Country,Date
0,iqaluit,63.7506,-68.5145,-2.15,80,20,5.66,CA,1683765670
1,port-aux-francais,-49.35,70.2167,6.49,87,70,13.15,TF,1683765670
2,gamay,12.3854,125.2979,27.47,89,83,2.58,PH,1683765671
3,waitangi,-43.9535,-176.5597,13.79,81,96,4.92,NZ,1683765671
4,revda,56.801,59.9303,4.46,52,71,1.16,RU,1683765671
5,sechura,-5.5569,-80.8222,25.69,70,1,7.7,PE,1683765671
6,punta arenas,-53.15,-70.9167,7.06,81,100,5.14,CL,1683765672
7,akureyri,65.6835,-18.0878,4.96,87,100,1.54,IS,1683765672
8,el carril,-25.0741,-65.4917,16.47,74,0,1.15,AR,1683765672
9,edinburgh of the seven seas,-37.0676,-12.3116,13.99,65,100,7.44,SH,1683765672
10,olonkinbyen,70.9221,-8.7187,0.38,98,100,6.26,SJ,1683765673
11,hermanus,-34.4187,19.2345,14.33,86,28,5.53,ZA,1683765673
12,invercargill,-46.4,168.35,8.34,95,94,1.34,NZ,1683765651
13,nizhnyaya poyma,56.1622,97.1933,6.09,43,5,1.73,RU,1683765674
14,bangar,16.8936,120.4243,30.94,65,49,1.49,PH,1683765674
15,papao,-17.75,-149.55,28.82,84,100,15.9,PF,1683765674
16,christchurch,-43.5333,172.6333,10.79,68,40,8.75,NZ,1683765674
17,paciran,-6.8767,112.3761,27.71,84,83,3.2,ID,1683765675
18,nova sintra,14.8667,-24.7167,20.47,80,15,5.58,CV,1683765675
19,whitehorse,60.7161,-135.0538,16.56,31,75,8.05,CA,1683765409
20,bilibino,68.0546,166.4372,2.78,80,100,2.22,RU,1683765676
21,port mathurin,-19.6833,63.4167,25.33,75,83,8.64,MU,1683765676
22,happy valley-goose bay,53.3168,-60.3315,4.17,41,75,4.12,CA,1683765676
23,codrington,-38.2667,141.9667,14.48,63,3,5.39,AU,1683765677
24,ilulissat,69.2167,-51.1,-1.99,80,16,7.2,GL,1683765677
25,adamstown,-25.066,-130.1015,21.66,60,100,9.47,PN,1683765677
26,blackmans bay,-43.0167,147.3167,10.41,79,8,2.19,AU,1683765677
27,acapulco de juarez,16.8634,-99.8901,30.9,62,40,4.63,MX,1683765482
28,bulungu,-4.55,18.6,22.36,86,70,0.4,CD,1683765678
29,georgetown,5.4112,100.3354,28.96,94,20,2.06,MY,1683765637
30,grytviken,-54.2811,-36.5092,-2.14,78,58,5.61,GS,1683765678
31,vryburg,-26.9566,24.7284,12.36,44,0,1.19,ZA,1683765679
32,ancud,-41.8697,-73.8203,12.76,97,100,4.33,CL,1683765679
33,west island,-12.1568,96.8225,27.99,89,40,7.72,CC,1683765679
34,pacific grove,36.6177,-121.9166,18.45,69,20,4.12,US,1683765640
35,weno,7.4515,151.8468,28.49,76,100,4.16,FM,1683765680
36,bima,-8.4667,118.7167,28.03,82,100,2.19,ID,1683765680
37,tura,25.5198,90.2201,26.92,56,0,1.29,IN,1683765680
38,mogocha,53.7333,119.7667,15.78,31,100,1.87,RU,1683765681
39,fortuna,40.5982,-124.1573,13.7,86,100,4.12,US,1683765681
40,kodiak,57.79,-152.4072,5.73,93,100,12.35,US,1683765683
41,tucuma,-0.1833,-50.05,24.76,92,100,1.76,BR,1683765436
42,avarua,-21.2078,-159.775,25.03,83,100,6.69,CK,1683765684
43,arraial do cabo,-22.9661,-42.0278,22.6,83,100,6.98,BR,1683765684
44,quellon,-43.1167,-73.6167,14.14,94,100,3.09,CL,1683765684
45,bredasdorp,-34.5322,20.0403,15.01,88,47,4.24,ZA,1683765685
46,lihue,21.9789,-159.3672,27.58,68,20,5.14,US,1683765629
47,enniscorthy,52.5008,-6.5578,11.01,90,100,2.95,IE,1683765685
48,penzance,50.1186,-5.5371,11.38,85,8,7.37,GB,1683765685
49,port alfred,-33.5906,26.891,21.12,36,0,4.81,ZA,1683765686
50,merizo village,13.2658,144.6691,31.31,85,21,2.46,GU,1683765686
51,den burg,53.0542,4.7972,11.09,99,100,0.51,NL,1683765686
52,ribeira grande,38.5167,-28.7,16.54,83,13,3.58,PT,1683765687
53,kone,-21.0595,164.8658,26.08,51,96,2.97,NC,1683765687
54,kitimat,54.0524,-128.6534,21.21,55,100,0.45,CA,1683765687
55,north bend,43.4065,-124.2243,15.13,83,100,4.12,US,1683765688
56,dakhla,23.6848,-15.958,18.5,94,22,5.94,EH,1683765688
57,nabire,-3.3667,135.4833,29.41,71,58,1.56,ID,1683765688
58,yellowknife,62.456,-114.3525,16.29,31,20,4.47,CA,1683765632
59,margate,51.3813,1.3862,12.39,86,74,0.89,GB,1683765689
60,llallagua,-18.4167,-66.6333,6.19,65,100,2.75,BO,1683765689
61,potchefstroom,-26.7167,27.1,11.64,55,0,1.11,ZA,1683765689
62,zhanaozen,43.3,52.8,17.61,61,20,1.82,KZ,1683765690
63,tiksi,71.6872,128.8694,-12.03,73,3,10.51,RU,1683765690
64,trujillo,-8.116,-79.03,22.98,78,75,3.6,PE,1683765570
65,lagunas,-5.2269,-75.6753,23.81,86,97,0.59,PE,1683765690
66,fuerte olimpo,-21.0415,-57.8738,21.0,82,31,2.25,PY,1683765691
67,celestun,20.8667,-90.4,27.91,75,0,8.55,MX,1683765692
68,lebu,-37.6167,-73.65,12.18,94,14,4.09,CL,1683765494
69,hawaiian paradise park,19.5933,-154.9731,25.73,81,40,5.14,US,1683765692
70,tutoia,-2.7619,-42.2744,26.22,88,11,3.78,BR,1683765693
71,kikwit,-5.041,18.8162,21.87,86,47,0.48,CD,1683765693
72,katsuura,35.1333,140.3,18.07,61,75,6.52,JP,1683765693
73,kachug,53.9606,105.8817,7.89,56,49,5.6,RU,1683765693
74,kirando,-7.4167,30.6,22.06,79,100,2.19,TZ,1683765694
75,olyokminsk,60.3736,120.4264,2.33,69,100,2.87,RU,1683765694
76,puerto baquerizo moreno,-0.9,-89.6,26.08,88,79,4.1,EC,1683765694
77,narayanganj,23.6233,90.5011,26.01,68,5,3.81,BD,1683765694
78,laguna,38.421,-121.4238,22.46,52,0,6.17,US,1683765695
79,albany,42.6001,-73.9662,17.36,50,0,3.56,US,1683765643
80,seminole,28.7086,-81.2081,28.54,81,75,2.57,US,1683765695
81,tobruk,32.0836,23.9764,18.43,85,100,8.32,LY,1683765696
82,alofi,-19.0595,-169.9187,28.94,74,75,6.17,NU,1683765696
83,aasiaat,68.7098,-52.8699,-6.38,84,14,2.3,GL,1683765696
84,susuman,62.7833,148.1667,6.32,64,41,4.5,RU,1683765697
85,prineville,44.2999,-120.8345,18.4,50,0,3.09,US,1683765697
86,kingston,17.997,-76.7936,29.53,70,20,8.75,JM,1683765572
87,hawick,55.4227,-2.7867,8.17,97,94,1.99,GB,1683765698
88,hithadhoo,-0.6,73.0833,28.16,78,96,6.46,MV,1683765698
89,bethel,41.3712,-73.414,16.47,51,5,0.45,US,1683765699
90,banda aceh,5.5577,95.3222,27.9,71,98,1.9,ID,1683765699
91,peachtree city,33.3968,-84.5958,26.86,67,0,2.06,US,1683765699
92,ushuaia,-54.8,-68.3,9.81,57,75,5.14,AR,1683765684
93,luebo,-5.35,21.4167,22.1,78,90,0.73,CD,1683765700
94,isafjordur,66.0755,-23.124,5.75,91,31,0.97,IS,1683765700
95,chabahar,25.2919,60.643,28.58,71,0,1.77,IR,1683765701
96,zaozersk,69.4005,32.4476,2.09,100,100,2.44,RU,1683765701
97,bamboo flat,11.7,92.7167,27.31,88,100,8.55,IN,1683765701
98,puerto ayora,-0.7393,-90.3518,25.31,100,47,3.1,EC,1683765701
99,bubaque,11.2833,-15.8333,27.01,74,97,6.44,GW,1683765683
100,nemuro,43.3236,145.575,4.65,86,93,6.49,JP,1683765702
101,ruteng,-8.6136,120.4721,21.01,81,93,1.11,ID,1683765702
102,touros,-5.1989,-35.4608,26.22,77,7,4.82,BR,1683765451
103,acarau,-2.8856,-40.12,25.96,85,30,3.88,BR,1683765702
104,queenstown,-31.8976,26.8753,11.25,44,48,3.09,ZA,1683765665
105,shitanjing,39.2342,106.3439,13.5,32,62,9.23,CN,1683765703
106,atafu village,-8.5421,-172.5159,29.31,76,44,6.59,TK,1683765704
107,puerto natales,-51.7236,-72.4875,3.99,87,100,1.24,CL,1683765704
108,holualoa,19.6228,-155.9522,24.88,72,100,3.6,US,1683765704
109,jacmel,18.2342,-72.5347,28.91,87,7,2.12,HT,1683765704
110,manistee,44.2445,-86.3242,18.97,42,0,2.57,US,1683765705
111,mount isa,-20.7333,139.5,21.87,26,0,4.63,AU,1683765705
112,rongelap,11.1635,166.8941,26.44,88,100,5.56,MH,1683765705
113,usinsk,65.9939,57.5281,-1.38,74,100,1.68,RU,1683765588
114,shiguai,40.7058,110.2856,13.35,32,100,5.94,CN,1683765706
115,port macquarie,-31.4333,152.9167,20.5,63,57,3.47,AU,1683765706
116,shemonaikha,50.6328,81.9056,15.63,65,100,2.78,KZ,1683765706
117,san antonio de pale,-1.4014,5.6325,26.07,88,100,8.76,GQ,1683765706
118,thompson,55.7435,-97.8558,16.09,63,75,8.75,CA,1683765645
119,grand falls-windsor,48.9332,-55.6649,2.5,65,5,0.45,CA,1683765707
120,tralee,52.2704,-9.7026,9.93,95,45,4.27,IE,1683765707
121,hamilton,39.1834,-84.5333,22.43,49,0,3.6,US,1683765084
122,praia da vitoria,38.7333,-27.0667,17.09,94,75,6.53,PT,1683765707
123,bestobe,52.4994,73.0975,15.63,53,79,3.84,KZ,1683765708
124,deqen,29.9618,90.7188,4.5,43,63,1.8,CN,1683765708
125,marianske lazne,49.9646,12.7012,10.48,98,100,0.17,CZ,1683765708
126,jamestown,42.097,-79.2353,14.8,44,0,2.06,US,1683765556
127,franklin,39.9667,-83.0166,22.35,44,0,2.57,US,1683765709
128,palmer,42.1584,-72.3287,18.78,43,40,3.09,US,1683765709
129,bairnsdale,-37.8333,147.6167,14.47,74,0,0.45,AU,1683765709
130,road town,18.4167,-64.6167,28.05,83,40,3.09,VG,1683765525
131,bryne,58.7354,5.6477,10.43,95,100,2.06,NO,1683765710
132,haiku-pauwela,20.9219,-156.3051,26.01,72,40,9.26,US,1683765710
133,semey,50.4111,80.2275,17.66,57,100,4.63,KZ,1683765710
134,nagqu,31.5,92.0,-5.64,87,100,1.51,CN,1683765710
135,talnakh,69.4865,88.3972,-14.33,87,11,2.52,RU,1683765710
136,tazovsky,67.4667,78.7,-16.37,93,19,4.49,RU,1683765711
137,carnarvon,-24.8667,113.6333,20.28,63,0,8.59,AU,1683765711
138,qaqortoq,60.7167,-46.0333,1.73,93,100,1.03,GL,1683765711
139,rio preto da eva,-2.6994,-59.6997,23.25,99,100,1.28,BR,1683765711
140,geraldton,-28.7667,114.6,15.23,77,5,5.14,AU,1683765712
141,hammerfest,70.6634,23.6821,5.25,100,100,1.54,NO,1683765712
142,ljusdal,61.8288,16.0913,6.24,68,8,1.47,SE,1683765712
143,port saint john's,-31.6229,29.5448,18.54,57,11,3.09,ZA,1683765646
144,villazon,-22.0866,-65.5942,9.69,50,100,3.88,BO,1683765712
145,dudinka,69.4058,86.1778,-14.1,96,48,3.81,RU,1683765713
146,leiston,52.2061,1.5776,12.12,94,84,2.15,GB,1683765713
147,badger,64.8,-147.5333,16.93,28,75,3.09,US,1683765713
148,saint-philippe,-21.3585,55.7679,21.77,76,51,5.5,RE,1683765714
149,terenozek,45.05,64.9833,24.8,22,100,1.94,KZ,1683765714
150,portland,45.5234,-122.6762,24.99,37,20,0.89,US,1683765529
151,yeraliyev,43.2,51.65,16.08,77,4,2.23,KZ,1683765686
152,vilyuysk,63.7553,121.6247,0.06,55,100,2.12,RU,1683765715
153,champerico,14.3,-91.9167,24.3,78,44,2.62,GT,1683765715
154,saudarkrokur,65.7461,-19.6394,4.34,92,18,1.69,IS,1683765715
155,stony plain,53.5334,-114.0021,19.12,50,81,0.45,CA,1683765715
156,mount gambier,-37.8333,140.7667,14.15,62,0,4.66,AU,1683765715
157,nar'yan-mar,67.6713,53.087,-4.81,90,83,2.55,RU,1683765716
158,anadyr,64.75,177.4833,2.28,69,0,2.0,RU,1683765572
159,lashio,22.9333,97.75,25.1,62,8,0.38,MM,1683765716
160,port elizabeth,-33.918,25.5701,20.73,66,0,3.58,ZA,1683765717
161,iskateley,67.6803,53.1512,-4.97,91,84,2.52,RU,1683765717
162,qiancheng,27.185,109.7654,14.09,97,100,1.64,CN,1683765717
163,coronel suarez,-37.4547,-61.9334,9.32,61,100,2.94,AR,1683765717
164,fuglafjordur,62.244,-6.814,9.26,87,71,1.87,FO,1683765717
165,rabaul,-4.1967,152.1721,29.03,71,12,1.57,PG,1683765718
166,porto novo,6.4965,2.6036,28.9,80,100,3.49,BJ,1683765718
167,pangody,65.85,74.4859,-12.4,84,18,6.19,RU,1683765718
168,dalnerechensk,45.9339,133.7225,14.86,52,100,3.31,RU,1683765718
169,petropavlovsk-kamchatsky,53.0452,158.6483,3.33,75,75,3.0,RU,1683765719
170,sour el ghozlane,36.1477,3.6912,12.94,69,99,2.18,DZ,1683765719
171,la'ie,21.6477,-157.9253,28.98,67,23,5.69,US,1683765719
172,nambucca heads,-30.65,153.0,20.56,59,8,3.27,AU,1683765719
173,udachny,66.4167,112.4,-5.86,44,87,7.27,RU,1683765719
174,cabo san lucas,22.8909,-109.9124,29.23,36,0,2.57,MX,1683765642
175,porto empedocle,37.2934,13.5264,12.95,92,0,3.0,IT,1683765720
176,petukhovo,55.0692,67.9019,6.66,82,81,3.75,RU,1683765720
177,yeed,4.55,43.0333,24.89,70,18,6.95,SO,1683765720
178,hasaki,35.7333,140.8333,18.22,45,48,6.94,JP,1683765720
179,thunder bay,48.4001,-89.3168,14.99,58,20,3.6,CA,1683765721
180,nantong,32.0303,120.8747,19.43,53,100,2.12,CN,1683765721
181,saint-joseph,-21.3667,55.6167,21.37,76,37,5.59,RE,1683765721
182,wailua homesteads,22.0669,-159.378,27.24,69,20,5.14,US,1683765721
183,gorno-altaysk,51.9561,85.955,10.71,85,64,1.43,RU,1683765722
184,prince rupert,54.3161,-130.3201,14.05,61,0,2.57,CA,1683765659
185,ruthin,53.1137,-3.3178,11.8,93,96,2.0,GB,1683765722
186,saipan,15.1355,145.701,30.39,100,40,5.36,MP,1683765722
187,coyhaique,-45.5752,-72.0662,9.34,93,100,0.0,CL,1683765722
188,heroica caborca,30.7167,-112.15,24.87,15,0,6.5,MX,1683765723
189,santander,43.4647,-3.8044,13.59,89,75,3.6,ES,1683765723
190,urucara,-2.5364,-57.76,23.5,98,100,1.56,BR,1683765723
191,richards bay,-28.783,32.0377,18.35,91,0,1.92,ZA,1683765724
192,leninskoye,41.7589,69.3864,19.36,36,100,2.47,KZ,1683765687
193,charlottetown,46.2352,-63.1267,6.98,64,75,5.14,CA,1683765543
194,constitucion,-35.3333,-72.4167,15.16,61,100,4.07,CL,1683765724
195,yinchuan,38.4681,106.2731,17.06,24,100,3.64,CN,1683765725
196,kununurra,-15.7667,128.7333,21.99,30,1,5.14,AU,1683765725
197,teotitlan,18.1319,-97.0767,23.29,72,51,1.54,MX,1683765725
198,san patricio,28.017,-97.5169,27.92,90,56,5.7,US,1683765725
199,buala,-8.145,159.5921,29.27,77,97,4.75,SB,1683765726
200,udangudi,8.4333,78.0167,29.1,77,51,5.63,IN,1683765727
201,renfrew,55.872,-4.3925,10.19,90,75,1.03,GB,1683765727
202,sumenep,-7.0167,113.8667,28.41,82,65,6.24,ID,1683765728
203,bogale,16.2833,95.4,30.89,65,91,4.25,MM,1683765728
204,ouezzane,34.7971,-5.5822,14.82,86,100,1.83,MA,1683765728
205,ingeniero jacobacci,-41.3427,-69.5448,8.21,57,7,1.91,AR,1683765729
206,kievka,50.2619,71.5514,17.05,28,27,5.58,KZ,1683765729
207,tolanaro,-25.0319,46.9987,22.04,94,40,3.09,MG,1683765729
208,kyparissia,37.2511,21.6736,18.15,90,94,0.8,GR,1683765730
209,sinan,34.8262,126.1086,18.06,70,100,2.31,KR,1683765730
210,ust-nera,64.5667,143.2,5.96,65,12,3.24,RU,1683765730
211,broome,42.2506,-75.833,13.44,62,3,1.15,US,1683765730
212,mil'kovo,55.6078,37.7956,10.75,64,98,1.48,RU,1683765731
213,tadine,-21.55,167.8833,24.31,62,100,6.08,NC,1683765731
214,inhambane,-23.865,35.3833,19.77,88,8,1.44,MZ,1683765732
215,jabor,5.921,169.6434,28.45,82,100,7.51,MH,1683765732
216,hirara,24.8,125.2833,24.92,64,75,5.14,JP,1683765554
217,burang,30.25,81.1667,-2.55,65,2,0.13,CN,1683765732
218,vire,48.9167,-0.8333,10.66,98,96,2.75,FR,1683765450
219,santa terezinha,-29.9002,-50.0904,15.21,79,6,3.84,BR,1683765733
220,punta umbria,37.1821,-6.9661,16.43,59,100,9.5,ES,1683765733
221,belle fourche,44.6714,-103.8522,23.51,53,28,3.58,US,1683765733
222,college,64.8569,-147.8028,16.97,33,75,3.09,US,1683765734
223,yuzhno-kurilsk,44.0306,145.8556,4.45,89,88,6.67,RU,1683765734
224,afaahiti,-17.75,-149.2833,27.93,83,100,14.53,PF,1683765459
225,whangarei,-35.7317,174.3239,12.19,83,69,5.39,NZ,1683765735
226,dolinsk,47.35,142.8,3.69,77,99,2.48,RU,1683765735
227,labrador city,52.9463,-66.9114,5.95,31,0,4.12,CA,1683765735
228,publier,46.3833,6.55,10.02,82,53,0.46,FR,1683765736
229,pisco,-13.7,-76.2167,20.03,83,0,6.17,PE,1683765736
230,cumbum,9.7333,77.3,24.09,93,65,2.49,IN,1683765736
231,flying fish cove,-10.4217,105.6791,27.82,83,100,7.2,CX,1683765736
232,longyearbyen,78.2186,15.6401,0.91,86,75,1.54,SJ,1683765737
233,papatowai,-46.5619,169.4708,8.68,70,84,7.33,NZ,1683765737
234,taoudenni,22.6783,-3.9836,31.3,14,100,4.5,ML,1683765603
235,kunnamangalam,11.3046,75.8777,26.35,90,98,0.75,IN,1683765738
236,cole harbour,44.6724,-63.4751,12.98,37,75,5.66,CA,1683765738
237,salalah,17.0151,54.0924,29.05,74,20,2.06,OM,1683765738
238,borogontsy,62.6683,131.1683,4.02,62,99,5.44,RU,1683765738
239,dwarka,22.2394,68.9678,28.22,74,9,4.71,IN,1683765739
240,kavaratti,10.5669,72.642,29.66,60,100,2.52,IN,1683765739
241,tiquipaya,-17.3382,-66.2189,16.65,42,75,2.06,BO,1683765739
242,lata,40.1629,-8.3327,15.45,95,13,1.16,PT,1683765739
243,starobaltachevo,56.0013,55.9213,6.86,52,100,1.64,RU,1683765740
244,murun-kuren,49.6342,100.1625,9.64,63,100,4.7,MN,1683765740
245,la charite-sur-loire,47.1833,3.0167,10.9,96,99,1.86,FR,1683765740
246,uturoa,-16.7333,-151.4333,27.27,79,62,8.7,PF,1683765740
247,wewak,-3.5534,143.6268,29.66,71,96,1.12,PG,1683765741
248,thulamahashi,-24.7246,31.1994,17.28,78,0,1.19,ZA,1683765741
249,maamba,-17.3667,27.15,16.42,55,2,1.24,ZM,1683765741
250,casimiro de abreu,-22.4806,-42.2042,21.88,99,100,1.58,BR,1683765742
251,karratha,-20.7377,116.8463,25.99,21,86,7.63,AU,1683765742
252,keflavik,64.0049,-22.5624,7.95,100,100,2.57,IS,1683765742
253,okhotsk,59.3833,143.3,3.22,78,41,3.53,RU,1683765530
254,constantia,44.1833,28.65,6.5,70,2,2.75,RO,1683765604
255,rondonopolis,-16.4708,-54.6356,22.28,72,26,1.26,BR,1683765592
256,kristiansund,63.1115,7.732,10.03,93,100,4.63,NO,1683765743
257,shingu,33.7333,135.9833,20.65,44,90,2.37,JP,1683765744
258,cockburn town,21.4612,-71.1419,26.7,86,14,5.25,TC,1683765525
259,sretensk,52.2453,117.7093,18.59,23,100,2.9,RU,1683765745
260,suva,-18.1416,178.4415,28.71,65,75,3.6,FJ,1683765567
261,murzuq,25.9155,13.9184,19.34,47,0,4.0,LY,1683765745
262,nouadhibou,20.931,-17.0347,18.99,94,75,6.69,MR,1683765745
263,itoman,26.1247,127.6694,23.43,56,40,6.69,JP,1683765746
264,port nelson,23.6333,-74.8333,26.55,80,2,4.46,BS,1683765746
265,kill devil hills,36.0307,-75.676,16.66,76,0,3.09,US,1683765746
266,coron,11.9986,120.2043,30.61,66,100,1.47,PH,1683765747
267,arboga,59.3939,15.8388,7.14,71,6,2.16,SE,1683765747
268,okha,53.5739,142.9478,2.43,80,51,3.42,RU,1683765747
269,wattegama,6.7989,81.4808,23.92,92,100,2.41,LK,1683765747
270,atarrabia,42.8323,-1.6074,10.95,82,75,2.57,ES,1683765747
271,spittal an der drau,46.8,13.5,11.72,98,100,1.21,AT,1683765748
272,coahuayana de hidalgo,18.7,-103.6583,27.95,70,42,1.75,MX,1683765748
273,barra dos coqueiros,-10.9089,-37.0386,28.01,78,20,3.6,BR,1683765748
274,sisimiut,66.9395,-53.6735,-1.47,75,40,6.63,GL,1683765748
275,as sulayyil,20.4607,45.5779,27.14,16,1,3.81,SA,1683765749
276,dongola,19.1667,30.4833,28.78,11,99,3.67,SD,1683765749
277,waajid,3.8096,43.2463,22.95,79,14,4.88,SO,1683765751
278,howard springs,-12.497,131.047,26.04,55,100,5.34,AU,1683765751
279,port shepstone,-30.7414,30.455,18.22,70,0,3.52,ZA,1683765751
280,remire-montjoly,4.9167,-52.2667,24.02,100,0,0.0,GF,1683765751
281,labytnangi,66.6572,66.4183,-8.88,96,100,0.78,RU,1683765752
282,goalpara,26.1667,90.6167,26.0,45,2,2.4,IN,1683765752
283,menongue,-14.6585,17.691,13.96,54,8,2.05,AO,1683765753
284,jiangyou,31.7667,104.7167,20.25,58,92,2.12,CN,1683765754
285,kresttsy,58.2452,32.5165,6.27,71,12,1.38,RU,1683765754
286,enewetak,11.3474,162.3373,27.58,82,75,7.06,MH,1683765474
287,stanley,54.868,-1.6985,9.94,92,20,2.57,GB,1683765754
288,ukhta,63.5671,53.6835,-1.49,89,34,0.88,RU,1683765755
289,cannonvale,-20.2833,148.7,20.66,71,28,7.77,AU,1683765755
290,kailua-kona,19.6406,-155.9956,26.95,72,100,3.6,US,1683765755
291,west plains,36.7281,-91.8524,18.38,84,100,4.92,US,1683765755
292,tra mhor,52.1624,-7.1524,11.16,76,99,3.58,IE,1683765755
293,margaret river,-33.95,115.0667,15.16,58,98,3.56,AU,1683765756
294,harstad,68.799,16.5293,9.34,97,100,3.58,NO,1683765756
295,altamira,-3.2033,-52.2064,24.73,88,97,1.29,BR,1683765756
296,canutama,-6.5339,-64.3831,24.57,87,100,0.69,BR,1683765756
297,nova vicosa,-17.8919,-39.3719,23.7,80,24,2.55,BR,1683765457
298,mejit,10.2753,170.8646,27.67,80,92,8.88,MH,1683765757
299,balpyk bi,44.8947,78.2083,17.15,32,100,3.44,KZ,1683765757
300,vadso,70.0744,29.7487,4.09,87,75,2.57,NO,1683765710
301,upington,-28.4478,21.2561,15.21,41,0,4.12,ZA,1683765758
302,torquay,50.4638,-3.5143,9.96,88,22,2.24,GB,1683765758
303,guerrero negro,27.9769,-114.0611,16.06,64,100,10.35,MX,1683765758
304,macau,22.2006,113.5461,23.89,88,40,4.63,MO,1683765759
305,dubbo,-32.25,148.6167,16.07,59,0,6.69,AU,1683765700
306,pachino,36.7186,15.0907,15.32,90,0,3.3,IT,1683765759
307,alice springs,-23.7,133.8833,13.75,44,0,0.0,AU,1683765759
308,hassi messaoud,31.6804,6.0729,24.92,31,0,2.57,DZ,1683765759
309,fredonia,42.4401,-79.3317,15.93,46,0,1.54,US,1683765674
310,gorontalo,0.5412,123.0595,30.28,68,72,1.16,ID,1683765760
311,vorgashor,67.5833,63.95,-9.32,97,95,2.31,RU,1683765760
312,east london,-33.0153,27.9116,20.33,34,7,2.55,ZA,1683765760
313,pugachev,52.0133,48.8025,9.85,68,97,2.3,RU,1683765760
314,kerikeri,-35.2268,173.9474,13.84,89,22,0.89,NZ,1683765761
315,machiques,10.0644,-72.545,27.46,74,79,2.19,VE,1683765761
316,corralillo,22.9819,-80.5856,26.02,80,100,5.14,CU,1683765761
317,la passe,45.5549,-0.8967,12.21,83,23,5.27,FR,1683765761
318,brooks,50.5834,-111.8851,17.99,51,100,3.6,CA,1683765762
319,shache,38.4167,77.2406,14.84,14,0,3.08,CN,1683765762
320,san andres,12.5847,-81.7006,29.01,79,40,5.14,CO,1683765762
321,mount pearl,47.5166,-52.7813,3.97,70,40,7.2,CA,1683765762
322,marica,-22.9194,-42.8186,21.95,86,100,2.72,BR,1683765762
323,boca do acre,-8.7522,-67.3978,24.91,79,63,1.05,BR,1683765763
324,adrasmon,40.6472,69.9856,15.58,20,81,2.93,TJ,1683765763
325,delijan,33.9905,50.6838,16.74,32,3,1.16,IR,1683765763
326,andergrove,-21.0833,149.1833,22.08,77,57,7.65,AU,1683765763
327,pembroke,45.8168,-77.1162,20.99,67,61,2.51,CA,1683765481
328,ghadamis,30.1337,9.5007,20.02,47,0,4.17,LY,1683765764
329,bojnurd,37.4747,57.329,12.97,88,100,3.09,IR,1683765764
330,vorkuta,67.5,64.0,-8.43,96,94,2.4,RU,1683765764
331,marion,39.7684,-86.1555,24.18,44,75,3.6,US,1683765764
332,naze,28.3667,129.4833,22.51,55,62,3.39,JP,1683765765
333,wakkanai,45.4094,141.6739,4.99,81,75,5.14,JP,1683765765
334,mitu,1.1983,-70.1733,21.95,100,100,1.13,CO,1683765765
335,barcelos,41.5388,-8.6151,14.36,81,100,3.28,PT,1683765472
336,port lincoln,-34.7333,135.8667,16.51,49,100,8.02,AU,1683765724
337,yei,4.095,30.6779,19.12,94,91,0.78,SS,1683765766
338,kovdor,67.5662,30.4758,1.17,99,100,1.85,RU,1683765766
339,ploudalmezeau,48.5333,-4.65,11.82,87,0,1.54,FR,1683765766
340,utrik,11.2278,169.8474,27.57,81,79,8.61,MH,1683765766
341,forest,37.3638,-79.2897,19.03,52,0,1.54,US,1683765767
342,gijang,35.2442,129.2139,18.85,73,42,5.93,KR,1683765767
343,san-pedro,4.7485,-6.6363,25.75,89,100,1.77,CI,1683767670
344,bathsheba,13.2167,-59.5167,26.34,78,40,3.09,BB,1683767671
345,crane,31.3974,-102.3501,30.47,27,0,9.32,US,1683767671
346,kamaishi,39.2667,141.8833,13.58,46,0,1.63,JP,1683767672
347,manado,1.487,124.8455,32.43,58,20,1.54,ID,1683767672
348,enoch,37.7733,-113.0244,15.14,50,20,3.13,US,1683767673
349,harriman,35.934,-84.5524,22.17,81,0,0.0,US,1683767673
350,el nido,11.1858,119.3956,29.47,71,100,1.61,PH,1683767673
351,gadzhiyevo,69.2551,33.3362,2.38,100,100,2.72,RU,1683767674
352,hilo,19.7297,-155.09,27.38,74,75,3.6,US,1683767674
353,chonchi,-42.6128,-73.8092,13.56,98,87,1.45,CL,1683767674
354,polessk,54.862,21.1028,8.31,77,9,3.36,RU,1683767675
355,minas de marcona,-15.2119,-75.1103,15.09,87,28,5.11,PE,1683767676
356,ketchikan,55.3422,-131.6461,14.26,47,0,8.23,US,1683767676
357,battagram,34.6772,73.0233,15.24,38,25,3.88,PK,1683767677
358,port moresby,-9.4431,147.1797,28.72,75,83,1.94,PG,1683767677
359,sergeyevka,53.88,67.4158,6.84,88,31,4.33,KZ,1683767677
360,karoi,-16.8099,29.6925,12.72,80,9,2.11,ZW,1683767678
361,vilyuchinsk,52.9306,158.4028,5.15,98,100,2.32,RU,1683767678
362,kapuskasing,49.4169,-82.4331,15.44,60,13,3.05,CA,1683767678
363,paola,39.3599,16.0396,14.27,89,100,1.76,IT,1683767678
364,sumbawa besar,-8.5,117.4333,28.6,73,100,4.05,ID,1683767679
365,kudahuvadhoo,2.6708,72.8944,28.42,79,86,7.37,MV,1683767632
366,island harbour,50.724,-1.2758,11.1,88,89,0.45,GB,1683767679
367,shatsk,54.0258,41.7119,6.42,75,100,2.95,RU,1683767679
368,regina,50.4501,-104.6178,21.06,40,20,4.63,CA,1683767175
369,cernavoda,44.3667,28.0167,6.69,87,6,1.62,RO,1683767680
370,ruidoso,33.3317,-105.673,20.03,12,0,12.86,US,1683767685
371,namtsy,62.7161,129.6658,3.64,60,99,6.46,RU,1683767686
372,salinopolis,-0.6136,-47.3561,26.0,86,94,2.67,BR,1683767622
373,sawakin,19.1059,37.3321,25.32,57,100,2.0,SD,1683767687
374,neiafu,-18.65,-173.9833,28.38,74,20,4.12,TO,1683767687
375,charleville-mezieres,49.7667,4.7167,10.43,95,97,1.52,FR,1683767687
376,vila velha,-20.3297,-40.2925,23.3,94,75,1.03,BR,1683767688
377,kapa'a,22.0752,-159.319,27.99,70,0,5.66,US,1683767688
378,gazojak,41.1875,61.4036,25.37,20,100,3.13,TM,1683767688
379,oppdal,62.5943,9.6912,5.07,84,64,4.13,NO,1683767689
380,hadibu,12.65,54.0333,28.25,66,33,1.64,YE,1683767689
381,sake,-1.5736,29.045,17.55,96,100,0.83,CD,1683767689
382,volokolamsk,56.0336,35.9694,5.4,77,32,1.73,RU,1683767689
383,sao joao da barra,-21.6403,-41.0511,22.46,92,100,2.84,BR,1683767569
384,byron center,42.8122,-85.7228,19.08,51,40,2.57,US,1683767690
385,burley,42.5357,-113.7928,17.98,32,0,4.47,US,1683767119
386,yeppoon,-23.1333,150.7333,22.88,78,63,7.64,AU,1683767690
387,baoqing,46.3317,132.2111,17.73,34,100,3.23,CN,1683767691
388,behompy,-23.2496,43.8557,22.03,72,100,1.69,MG,1683767691
389,jinghong,21.991,100.7341,26.09,73,5,0.93,CN,1683767691
390,the pas,53.8251,-101.2541,16.62,62,20,2.64,CA,1683767692
391,luderitz,-26.6481,15.1594,14.44,80,44,4.2,NA,1683767692
392,dingtao,35.0683,115.5625,21.49,38,81,0.88,CN,1683767692
393,letterkenny,54.95,-7.7333,10.21,97,99,3.54,IE,1683767693
394,tidaholm,58.1804,13.9582,9.03,68,9,2.02,SE,1683767693
395,imperatriz,-5.5264,-47.4917,25.3,72,77,0.93,BR,1683767693
396,selibaby,15.159,-12.1829,34.89,26,64,5.95,MR,1683767694
397,sopur,34.3,74.4667,8.58,53,0,1.07,IN,1683767694
398,kuala belait,4.5833,114.1833,29.39,70,76,2.06,BN,1683767695
399,poltavka,54.3663,71.7632,7.08,76,66,7.32,RU,1683767695
400,guercif,34.2257,-3.3536,21.32,52,100,1.44,MA,1683767695
401,campbell river,50.0163,-125.2446,18.03,55,90,1.86,CA,1683767417
402,betare oya,5.6,14.0833,21.03,87,73,1.27,CM,1683767696
403,upata,8.0086,-62.3989,26.77,78,99,1.73,VE,1683767696
404,sinjai,-5.1241,120.253,28.07,83,78,1.3,ID,1683767696
405,lompoc,34.6391,-120.4579,20.43,72,0,9.26,US,1683767696
406,tete,-16.1564,33.5867,17.85,80,100,1.13,MZ,1683767697
407,pathein,16.7833,94.7333,30.04,67,100,2.94,MM,1683767697
408,scandiano,44.5965,10.6907,14.2,91,100,2.24,IT,1683767697
409,pervomayskoye,43.919,46.7102,12.1,81,55,2.26,RU,1683767597
410,coquimbo,-29.9533,-71.3436,13.85,88,100,0.0,CL,1683767478
411,jaraiz de la vera,40.0601,-5.7543,11.88,34,30,2.1,ES,1683767698
412,onega,63.9061,38.1404,6.11,79,100,1.97,RU,1683767698
413,mangrol,21.1167,70.1167,29.3,52,0,4.62,IN,1683767699
414,puerto princesa,9.7392,118.7353,30.99,70,20,3.09,PH,1683767699
415,mabaruma,8.2,-59.7833,23.14,91,33,1.43,GY,1683767699
416,fort bragg,35.139,-79.006,21.06,61,0,2.06,US,1683767699
417,frontera,26.9333,-101.45,34.07,27,40,1.79,MX,1683767700
418,cedeira,43.6797,-8.0209,13.54,82,36,2.08,ES,1683767700
419,amga,60.8953,131.9608,2.45,87,100,2.69,RU,1683767701
420,ambon,-3.6954,128.1814,29.08,95,40,1.54,ID,1683767701
421,igrim,63.1906,64.4162,0.35,79,8,2.72,RU,1683767701
422,rikaze,29.25,88.8833,4.9,36,23,1.26,CN,1683767702
423,sandefjord,59.1312,10.2167,11.82,74,100,1.54,NO,1683767702
424,truth or consequences,33.1284,-107.2528,23.28,9,0,14.4,US,1683767702
425,voinjama,8.4219,-9.7478,22.46,83,100,0.7,LR,1683767703
426,babayevo,59.3936,35.9371,5.96,71,33,1.6,RU,1683767703
427,ouargaye,11.5033,0.0572,32.84,36,100,4.45,BF,1683767703
428,ciudad lazaro cardenas,17.9583,-102.2,27.82,72,94,3.9,MX,1683767704
429,tocopilla,-22.092,-70.1979,19.92,72,36,3.07,CL,1683767514
430,deogarh,21.5333,84.7333,27.61,69,94,0.31,IN,1683767548
431,peace river,56.2501,-117.286,22.2,28,9,0.83,CA,1683767705
432,bonanza,14.0289,-84.591,25.91,72,71,0.94,NI,1683767705
433,dunedin,-45.8742,170.5036,8.78,70,77,4.02,NZ,1683767542
434,dombarovskiy,50.7587,59.5386,7.0,89,71,5.26,RU,1683767706
435,bechar,31.6167,-2.2167,26.32,16,2,3.16,DZ,1683767706
436,west livingston,30.6983,-95.0019,23.03,91,100,0.89,US,1683767706
437,san javier,37.8063,-0.8374,19.99,77,33,3.58,ES,1683767707
438,brookings,44.3114,-96.7984,18.99,76,100,7.2,US,1683767707
439,rathenow,52.6066,12.337,13.95,96,98,1.69,DE,1683767707
440,ad dabbah,18.05,30.95,28.49,11,100,3.27,SD,1683767708
441,pyay,18.8167,95.2167,30.89,60,100,3.79,MM,1683767708
442,northam,51.0333,-4.2167,11.45,94,84,3.14,GB,1683767709
443,ola,59.5833,151.2833,2.28,79,26,3.85,RU,1683767709
444,necochea,-38.5473,-58.7368,9.63,70,100,2.66,AR,1683767709
445,kiunga,-6.1219,141.2906,28.35,76,97,1.36,PG,1683767710
446,belmonte,-15.8631,-38.8828,23.8,85,58,3.77,BR,1683767710
447,chos malal,-37.3781,-70.2709,13.88,31,100,0.84,AR,1683767711
448,daru,-9.0763,143.2092,26.05,92,100,6.02,PG,1683767712
449,whakatane,-37.9585,176.9854,15.28,75,100,0.89,NZ,1683767712
450,cooma,-36.2333,149.1333,12.3,57,0,2.5,AU,1683767712
451,asyqata,40.8994,68.3611,20.59,32,100,2.35,KZ,1683767712
452,sao domingos do maranhao,-5.5758,-44.3853,24.3,72,30,0.86,BR,1683767713
453,kerben,40.2951,72.1863,14.28,21,44,2.79,KG,1683767714
454,port douglas,-16.4833,145.4667,24.94,70,71,6.78,AU,1683767714
455,turbat,26.0023,63.044,28.44,39,0,1.07,PK,1683767714
456,poxoreo,-15.8372,-54.3892,21.08,67,73,0.23,BR,1683767715
457,pyt-yakh,60.7499,72.8582,3.04,82,100,3.89,RU,1683767716
458,wenling,28.3669,121.36,17.52,69,99,2.7,CN,1683767716
459,ponta delgada,37.7333,-25.6667,17.4,82,75,4.63,PT,1683767717
460,mckinleyville,40.9465,-124.1006,14.03,88,100,6.17,US,1683767717
461,chaykovskiy,56.7686,54.1148,7.45,72,100,1.67,RU,1683767717
462,lautoka,-17.6167,177.4667,28.92,61,20,4.63,FJ,1683767717
463,jaru,-10.4389,-62.4664,22.51,93,51,0.89,BR,1683767718
464,agat village,13.3886,144.6585,31.52,78,75,5.66,GU,1683767718
465,aykhal,66.0,111.5,-6.76,86,77,8.34,RU,1683767719
466,east ballina,-28.8667,153.5833,18.9,83,66,4.15,AU,1683767719
467,chengde,40.9725,117.9361,20.85,33,100,1.88,CN,1683767720
468,puerto deseado,-47.7503,-65.8938,10.74,78,100,13.12,AR,1683767720
469,soio,-6.1349,12.3689,26.43,92,32,3.33,AO,1683767720
470,nuku'alofa,-21.1333,-175.2,29.19,79,20,3.6,TO,1683767721
471,khandyga,62.6667,135.6,3.75,87,100,2.75,RU,1683767721
472,ceeldheer,3.8488,47.1806,25.95,83,13,6.4,SO,1683767721
473,tahe,52.3333,124.7333,19.23,20,16,2.27,CN,1683767722
474,bargaal,11.2864,51.0773,27.46,71,100,0.26,SO,1683767722
475,breves,-1.6822,-50.4803,23.99,97,100,1.49,BR,1683767723
476,beyla,8.6833,-8.6333,21.39,90,100,1.09,GN,1683767723
477,cox's bazar,21.4532,91.9798,27.8,69,11,1.79,BD,1683767562
478,melekeok village,7.4957,134.6367,29.31,74,75,2.06,PW,1683767724
479,scottburgh,-30.2867,30.7532,17.23,71,0,3.24,ZA,1683767724
480,cadale,2.7603,46.3222,26.72,83,75,7.15,SO,1683767725
481,zhangye,38.9342,100.4517,15.04,27,88,2.02,CN,1683767726
482,sitka,57.0531,-135.33,11.94,66,20,6.17,US,1683767614
483,villa alemana,-33.0422,-71.3733,14.05,82,0,1.54,CL,1683767727
484,khanty-mansiysk,61.0042,69.0019,0.06,100,40,3.13,RU,1683767614
485,copiapo,-27.3667,-70.3333,11.83,62,20,0.2,CL,1683767367
486,bayramaly,37.6185,62.1671,23.14,35,100,5.83,TM,1683767728
487,kristinestad,62.2743,21.376,7.28,74,76,4.89,FI,1683767728
488,aleksandrovsk-sakhalinskiy,50.8975,142.1561,2.94,77,100,4.63,RU,1683767729
489,campos belos,-13.0367,-46.7717,22.65,54,6,0.47,BR,1683767729
490,mahanoro,-19.9,48.8,21.37,91,100,1.99,MG,1683767733
491,baiti,13.745,-14.7482,29.53,38,9,5.47,SN,1683767733
492,fallsburg,41.732,-74.6013,14.21,52,0,3.09,US,1683767735
493,flin flon,54.7682,-101.865,13.55,77,100,2.99,CA,1683767740
494,vikhorevka,56.1201,101.1636,6.77,44,4,2.37,RU,1683767740
495,shizunai-furukawacho,42.3339,142.3669,8.56,60,6,9.26,JP,1683767741
496,elmali,36.7358,29.9177,13.61,79,100,1.34,TR,1683767741
497,dryden,49.7833,-92.7503,17.69,72,8,2.81,CA,1683767742
498,xique xique,-10.8217,-42.7311,27.44,58,92,0.95,BR,1683767698
499,balsas,-7.5325,-46.0356,26.56,61,59,1.4,BR,1683767772
500,lucea,18.451,-78.1736,28.92,76,36,2.59,JM,1683767778
501,bela,25.9333,81.9833,29.04,11,0,1.81,IN,1683767778
502,semirara,12.0697,121.3986,28.59,79,100,7.46,PH,1683767778
503,markaz-e hukumat-e darweshan,31.1323,64.1934,27.81,11,100,1.02,AF,1683767778
504,nuuk,64.1835,-51.7216,2.71,87,100,5.81,GL,1683767779
505,mancio lima,-7.6142,-72.8958,22.93,90,78,0.84,BR,1683767779
506,as sanad,34.4628,9.264,16.5,71,24,2.2,TN,1683767780
507,new norfolk,-42.7826,147.0587,12.18,70,5,1.25,AU,1683767781
508,el bauga,18.262,33.9081,26.56,9,44,4.08,SD,1683767782
509,sinop,41.7711,34.8709,6.26,98,100,1.37,TR,1683767782
510,konarka,19.9,86.1167,28.22,77,100,2.61,IN,1683767783
511,turpan,42.9333,89.1667,26.11,13,18,1.09,CN,1683767783
512,petawawa,45.9001,-77.3328,16.77,39,75,1.03,CA,1683767783
513,waitara,-38.925,174.25,11.79,72,100,7.31,NZ,1683767784
514,alghero,40.5589,8.3181,15.05,82,0,2.06,IT,1683767785
515,villa gesell,-37.2639,-56.973,12.25,63,69,6.53,AR,1683767785
516,ad dilinjat,30.8279,30.5363,16.61,82,97,3.99,EG,1683767787
517,alesund,62.4723,6.1549,11.53,90,100,4.12,NO,1683767551
518,suntar,62.1444,117.6319,2.96,54,100,1.56,RU,1683767788
519,bengkulu,-3.8004,102.2655,26.72,79,82,1.6,ID,1683767788
520,hengchun,22.0042,120.7439,25.39,61,3,4.54,TW,1683767789
521,deschutes river woods,43.9915,-121.3584,16.33,51,0,1.34,US,1683767789
522,itaituba,-4.2761,-55.9836,24.44,92,100,0.58,BR,1683767790
523,chipata,-13.6333,32.65,13.63,78,89,1.88,ZM,1683767791
524,bodden town,19.2833,-81.25,29.0,77,0,2.57,KY,1683767791
525,alaghsas,17.0187,8.0168,29.58,14,92,8.65,NE,1683767791
526,ankang,32.68,109.0172,15.41,87,100,0.98,CN,1683767792
527,mishelevka,52.8575,103.1719,7.71,56,5,6.48,RU,1683767792
528,sola,-13.8833,167.55,27.89,71,6,7.78,VU,1683767792
529,vilhena,-12.7406,-60.1458,20.47,85,18,0.56,BR,1683767696
530,collie,-33.3667,116.15,13.68,52,58,0.63,AU,1683767793
531,victorica,-36.2151,-65.4359,14.15,39,100,4.48,AR,1683767793
532,behshahr,36.6923,53.5526,15.4,86,0,1.58,IR,1683767793
533,banlung,13.7468,107.0045,25.89,84,97,1.05,KH,1683767794
534,pamandzi,-12.7967,45.2794,24.88,94,0,3.09,YT,1683767794
535,xifeng,42.7372,124.7222,19.02,25,3,1.05,CN,1683767794
536,tuguegarao,17.6131,121.7269,27.72,71,90,1.55,PH,1683767795
537,prado,-17.3411,-39.2208,22.68,86,15,2.4,BR,1683767710
538,sinabang,2.4803,96.3801,28.08,79,100,3.48,ID,1683767795
539,serdar,38.9764,56.2757,19.09,61,100,6.46,TM,1683767796
540,galliano,29.4422,-90.2992,26.0,83,75,2.06,US,1683767796
541,gustavia,17.8962,-62.8498,26.9,73,100,4.02,BL,1683767804
542,puerto santa,-8.9906,-78.6456,21.97,85,5,2.97,PE,1683767804
543,maputo,-25.9653,32.5892,19.01,88,75,2.06,MZ,1683767804
544,bereket,39.2446,55.5154,19.03,56,100,2.99,TM,1683767804
545,ulsteinvik,62.3432,5.8487,11.53,88,100,2.68,NO,1683767805
546,zouerate,22.7187,-12.4521,31.55,12,34,3.4,MR,1683767805
547,bikenibeu village,1.3673,173.1241,30.98,70,40,4.63,KI,1683767805
548,shangmei,27.7428,111.2956,15.43,87,100,1.38,CN,1683767806
549,padang,-0.9492,100.3543,29.03,76,88,1.25,ID,1683767806
550,fale old settlement,-9.3852,-171.2468,29.29,73,4,7.92,TK,1683767806
551,illizi,26.4833,8.4667,19.89,31,0,2.86,DZ,1683767806
552,corod,45.9,27.6167,6.89,83,18,2.32,RO,1683767807
553,somerset,40.5668,-74.5496,19.25,51,0,0.45,US,1683767807
554,butembo,0.15,29.2833,14.65,94,100,1.18,CD,1683767808
555,shagonar,51.5333,92.8,7.94,62,38,1.52,RU,1683767809
556,saynshand,44.8824,110.1163,15.08,27,88,6.18,MN,1683767810
557,carolina beach,34.0352,-77.8936,21.12,79,6,6.46,US,1683767633
558,kenitra,34.261,-6.5802,12.42,85,28,2.87,MA,1683767815
559,vrangel',42.7297,133.0839,9.2,71,12,3.55,RU,1683767816
560,ishigaki,24.3448,124.1572,26.07,69,40,5.14,JP,1683767816
561,bashmakovo,53.2133,43.0342,6.57,64,100,3.06,RU,1683767816
562,bardai,11.65,7.2333,27.49,44,100,4.59,NG,1683767817
563,corner brook,48.9667,-57.9484,1.09,84,13,2.26,CA,1683767817
564,yemetsk,63.4721,41.7941,5.9,94,78,2.38,RU,1683767820
565,castillos,-34.1667,-53.8333,13.49,66,94,5.24,UY,1683767828
566,waingapu,-9.6567,120.2641,27.7,75,37,7.58,ID,1683767831
567,lamu,-2.2717,40.902,25.12,85,40,4.76,KE,1683767831
568,gao,16.6362,1.637,30.7,9,55,3.34,ML,1683767832
569,avrig,45.7167,24.3833,11.36,87,16,1.84,RO,1683767832
570,puerto aysen,-45.4,-72.7,11.61,99,99,1.99,CL,1683767833
571,kokoda,-8.8785,147.7407,29.53,75,70,1.88,PG,1683767833
572,kaisiadorys,54.8667,24.45,4.42,75,14,2.1,LT,1683767834
573,al wajh,26.2455,36.4525,20.97,78,0,2.06,SA,1683767835
574,hotan,37.0997,79.9269,15.94,15,0,2.08,CN,1683767835
575,ozu,33.5,132.55,22.32,48,100,1.7,JP,1683767835
576,zhosaly,45.4878,64.0781,23.85,26,96,2.04,KZ,1683767835
577,cabedelo,-6.9811,-34.8339,26.37,79,52,3.77,BR,1683767837
578,takoradi,4.8845,-1.7554,27.33,84,100,3.44,GH,1683767838
579,sakakah,29.9697,40.2064,23.89,22,70,6.18,SA,1683767774
580,sangamner,19.5667,74.2167,28.34,39,99,3.22,IN,1683767838
581,stephenville,32.2207,-98.2023,22.44,82,40,4.63,US,1683767838
